code,issued
E2DZNYMQE47E,
KS86VJXAD9M2,
CHQ9C0D9TV0G,
7THQRD6PWT1E,
7AW7QYJ1C27S,
6J5PBGQY94BC,
HXJ7WS26974Q,
BXAQ13EHXCD0,
S68HAAGTJK3D,
V5PRAW7KSXF9,
EKP1YJYQ5TH2,
K3W6C92SFAM9,
XWHQ5SNY3X1F,
70XDN9GQTYYX,
CBSCB1HDKDSC,
AVV8VD2ZAFY9,
MJZZW320BNY8,
NNKVMSH0ZK4A,
81MDDTBM2K3M,
TQVD3K1WBFTW,
1RWYPZXNRA80,
Y51XFQ8VS6YJ,
89VCM3RS0PJE,
SM595C8H23F7,
QERSTWCSTGHN,
D0J59K7H7YFG,
S52ZVDT284JZ,
Z2HJD9S5M3MZ,
6F76TQT5REQE,
GPADA0FGA4B0,
70CMPZ0KV6BX,
HT4PCNG24A2B,
X71Y8T3JG9N8,
FQE0GB65BZJN,
XVHXA7RCNAZP,
WXCPR8GMCNPM,
71MWGXMGYBDH,
A5N008W58JH7,
XWDYGDP0K48S,
ZJZHR86PQMFA,
2T2TN65815MQ,
P8B1ZJFK40SH,
CPHSM1A9RVXZ,
KHR7AEXH05ZH,
Q2YZQ43WKQF3,
RPQ7Q3JY41VA,
H3XVB0QTZGQN,
TSTHM16MQKZ6,
KJBMJXY7T15H,
JKXTKZWT47JM,
PSX6P38A65FP,
GJ2XV8MPH5W3,
EVPJ7PHAHEM4,
ZJZKV4WQ1JJV,
N39W7P6ZK00P,
68FSK4RZZ66Q,
98WXMG2H09XV,
DRZFBRNTQE88,
ABGKR4RWHK83,
WACD25Y1W3QY,
MX1G4V15K531,
B1EBNKR7M6SJ,
BE8YJNAVE93Z,
VE5S7J4Z78CG,
F2W6NHDBV2TE,
XZJJVXFB4JZF,
B1ETD75NH549,
W9241C01EWN7,
B61H8AJ6Y48P,
JCJT1CS96592,
VTGVEWAHZFW3,
ZSJR2Z5KDH4E,
GF1C19A6BRTN,
WE2PHT097ZGD,
9CW6B0WMMB0D,
5A2TMYPJGH9Y,
VAF6H0SXRDVK,
GYPW10AA9X2T,
1ZQTD17DMYNP,
3Y1BPMSVF27A,
76534G9VK49K,
VNQHWP13G1WW,
XK8D0WSGZ59B,
1M87VR39ATS1,
8QKT5AAEVR5H,
5QEQDV72KBRF,
XY9Q3BGTCAC7,
BF4CS4Y123YH,
6SQTTBSABQT5,
AXNQW47VEFR2,
FNE167DFNS5C,
J4PDEY7ZXJDR,
P2JVS8HP1JVZ,
5XCRRDPVDDZB,
FAVYVWCB3XHR,
S6NWKMQ49EJ5,
EF7D9RMHT4BH,
54EG65WXJ1Y8,
BPENCKTNT9Y8,
K83H8REJEC8Q,
3ATAKRXTPPG1,
BX2ABVZFK48Q,
0CZ7K65YDS2G,
5T6FTN03C9ZC,
K3J6N2GDG2ZS,
1CKK32KC3DTH,
THW46TS65NC4,
ZV2A9M1X3TPC,
4HEMDGNY6CXV,
MNRXZ5Q50T2H,
ZT8T2K6N0KA4,
4E4EBSV1AFDP,
4Z2T0D0JG0GG,
YG8BFXP4QPF4,
HQQ8C151ETP8,
M2KEKFJZ6GZ3,
41SA34HZ0TAS,
WRYAD8H91AKW,
25X9C9MCBJAF,
PX69WX6HN6AS,
HFCQ459DEDBW,
1K4F36ZCZ4HS,
GNA1Q16ZW1QN,
W52NB2KZG08S,
NN0WE4KMTAS3,
KR1EAAGZ28V9,
5YQYTSGR3GDP,
F7P7GZEBZPMH,
RXNSM085RYG8,
783K0AT6K07A,
CX90BVAAK59Y,
S1Z2MEQ2F9FJ,
F63H327WGSHA,
XXDMAD20M2YM,
EWGRGYNAAMPC,
ZJXTHMNY29DK,
403AM5J7MB9V,
3AST9KVTS18N,
V61E72R4E1QF,
65YCBGBGNMDP,
TQ7JDVCXWXDK,
G00QRED1B83B,
35E8A88BGMN0,
52FF4KM9KMS2,
PJC4NF8W3Z72,
QYR74HNWJKK7,
E75AYD7ES0QQ,
J0ZYPZWBGCNE,
6EQCY8238ZJA,
J4SHQE5FAJJC,
S3MWD6T6BQFV,
TPA37MPXVF6D,
GPBKME584RBJ,
ZCEXJ465DB80,
ZBV49VMJZAMZ,
AE4226P5V1SG,
8YH9QZ0Y7HFT,
F23VP0XKPH97,
ATQA8PD328VK,
7QVR0TBJBPPS,
6V6G382TZC7K,
WC7VBCTXSKD6,
3GQQ4MKY4TKY,
K2VBZAX9W6M3,
SZ9QVWQ472K9,
0JHKJ036AFHR,
5FE027M0PP4V,
Z04QNDWD48GV,
JX4QS11T0CBK,
WRDDRXPN8E1G,
GSRSQ98RH0W0,
PE2DKYR56YR1,
26MHRYP5RCDC,
BY9BT664TFT5,
8GH1QG4W0DWY,
1H2YYZJJK05Q,
7BERB221H1KP,
20A0SFVQ37DQ,
4359BPXCMWS8,
5GQ01PN2HVKQ,
Y5039SGJHDQ1,
JDST5YPNFSBJ,
M427HJPK1HAV,
06BE18HB6JJH,
X44P74A1G85X,
2ATAH9YQD102,
4SV55X3PS444,
9NE6W0VFN29M,
3RV4X9FY34EN,
5ARD8VDG7GPF,
D327H6FN2F5H,
Y1SMEQJY91HZ,
MTYWXRB7FEP9,
QNJNFQNFXWZ5,
2WJJPHGP8ZZB,
71HJNPBN2MT1,
XX5H4Z7VQG9J,
1ZHFH2N2YXH1,
1N2S0Q440NDT,
5XYX7NFJXWVR,
